iteration,train_step,train_episode_return,train_num_episodes,train_step_rate,train_duration,eval_episods,eval_episode_return,eval_num_episodes,eval_step_rate,eval_duration
1,20000,22.482758620689655,145,450.34242005854986,44.41065089404583,5,80.0,5,780.9879631542572,3.979574777884409
2,40000,20.13605442176871,147,205.88130895976553,97.14334973413497,10,136.0,5,626.6499832877938,4.809702513972297
3,60000,25.555555555555557,144,189.99369600075653,105.26665053097531,15,336.0,5,575.6381326507205,9.92984945885837
4,80000,28.14814814814815,135,187.33225570994244,106.76217997912318,20,296.0,5,605.6558676346154,8.049125354038551
5,100000,29.70149253731343,134,183.48275067308495,109.00207200204022,25,308.0,5,560.0615011903059,9.336474635172635
6,120000,28.235294117647058,136,181.16133702423764,110.3988319390919,30,280.0,5,551.988091443793,7.89690949418582
7,140000,31.09375,128,182.22881186909888,109.75212862808257,35,168.0,5,598.830963905439,5.133335090009496
8,160000,34.883720930232556,129,178.35083988461344,112.1385243430268,40,192.0,5,561.221261144724,6.288072538096458
9,180000,38.65546218487395,119,176.68566793221598,113.19537251698785,45,292.0,5,505.29165287355477,9.315412145107985
10,200000,38.13559322033898,118,179.16433187213062,111.62936166487634,50,248.0,5,624.1789746342024,6.632713000988588
11,220000,42.016806722689076,119,177.74460675688508,112.520994954044,55,288.0,5,642.6767224326492,6.8992696409113705
12,240000,39.83606557377049,122,177.943926730274,112.39495703787543,60,344.0,5,625.3085164969546,7.148471325868741
13,260000,46.35514018691589,107,179.44204187319087,111.45660064509138,65,248.0,5,567.9925742838477,6.390928621869534
14,280000,54.8,100,176.34483270734825,113.41415392188355,70,280.0,5,535.8194275613669,8.312501881970093
15,300000,50.0,110,175.50262196147642,113.95841142698191,75,220.0,5,538.2790815148284,6.803162385011092
16,320000,54.862385321100916,109,175.32690968972935,114.07262031477876,80,292.0,5,474.94011607104125,9.805446712998673
17,340000,46.36363636363637,110,176.79935873274846,113.12258225004189,85,260.0,5,556.8534451592044,7.783017304958776
18,360000,52.69230769230769,104,177.69383619365556,112.55314437695779,90,244.0,5,537.1570067401735,7.050080241868272
19,380000,50.825688073394495,109,176.4163026162502,113.36820749216713,95,244.0,5,589.0571544186987,6.2421786619815975
20,400000,53.8,100,174.50314829551206,114.61111272405833,100,300.0,5,576.8913008607666,8.424464006908238
21,420000,47.706422018348626,109,174.14174100714288,114.8489723620005,105,288.0,5,509.4040376388793,9.70938515313901
22,440000,47.19298245614035,114,174.00035714044566,114.94229281297885,110,332.0,5,574.8573018148043,9.618039089953527
23,460000,52.264150943396224,106,175.8225365753302,113.75106052705087,115,284.0,5,576.2918599902503,8.526929393177852
24,480000,65.16129032258064,93,180.52832186824546,110.78594091511331,120,300.0,5,595.1376984351358,6.868998570833355
25,500000,57.95918367346939,98,178.93449252317836,111.77274832804687,125,380.0,5,503.4288152418499,9.57831545197405
26,520000,57.916666666666664,96,177.7275651433061,112.53178416006267,130,276.0,5,569.277307953862,7.813415250973776
27,540000,54.80769230769231,104,180.44892587712957,110.83468578592874,135,208.0,5,552.8779531563218,7.23306107101962
28,560000,52.15686274509804,102,180.30722716555493,110.92178785288706,140,232.0,5,583.1716225563432,7.695847716880962
29,580000,52.15686274509804,102,180.74706710230546,110.65186462295242,145,220.0,5,481.90150618442095,7.381176349008456
30,600000,55.04950495049505,101,175.4975860067284,113.96168149705045,150,336.0,5,554.2681716444592,9.231993215158582
31,620000,54.42307692307692,104,172.81901484637388,115.72800607490353,155,228.0,5,572.3726374996617,6.51149226189591
32,640000,61.276595744680854,94,174.91563629657298,114.34083552192897,160,216.0,5,551.8358508558229,7.846536235883832
33,660000,54.02061855670103,97,165.46304603413745,120.87291077594273,165,288.0,5,543.9019204704282,7.903998567024246
34,680000,58.46153846153846,91,165.87570109201656,120.57221080805175,170,372.0,5,523.3890346347177,11.968152913963422
35,700000,60.8421052631579,95,167.8729312395695,119.13773026014678,175,236.0,5,548.3453184499564,7.8983076070435345
36,720000,61.1764705882353,85,171.37680807025762,116.70190514810383,180,364.0,5,549.334971256205,10.307008103001863
37,740000,60.0,96,178.6867222416259,111.92773446789943,185,348.0,5,605.1847495110077,9.679688730975613
38,760000,51.34020618556701,97,175.32636980066076,114.07297158287838,190,172.0,5,564.8818656620783,8.019375864882022
39,780000,52.62135922330097,103,172.33757020762903,116.05130544607528,195,276.0,5,537.4080487214188,9.958912994945422
40,800000,46.0,100,170.61926402490508,117.22005785396323,200,368.0,5,541.1625611950658,10.198414294980466
41,820000,53.46534653465346,101,166.80451391994447,119.90083199786022,205,328.0,5,508.89096403073137,9.79188146814704
42,840000,53.26315789473684,95,166.05194825872715,120.44423573301174,210,308.0,5,537.6014844346238,11.40435839095153
43,860000,54.10526315789474,95,173.59905490703343,115.20800047391094,215,312.0,5,514.5805460915906,8.67308341502212
44,880000,46.666666666666664,102,171.07724692646102,116.90625351597555,220,40.0,5,550.5451592200249,5.803338648052886
45,900000,73.25,80,170.159926735505,117.53648690204136,225,452.0,5,578.3492559733706,12.461328385164961
46,920000,62.142857142857146,84,171.54954622350755,116.58439465612173,230,244.0,5,536.74226372554,9.710433390922844
47,940000,82.53521126760563,71,173.43591792014502,115.31636721990071,235,400.0,5,585.7973186054056,10.814320582896471
48,960000,86.0,70,176.36156647294243,113.40339281386696,240,268.0,5,501.5653186396079,10.132279508048669
49,980000,72.97297297297297,74,177.20114634153921,112.86608700291254,245,404.0,5,522.6653698600084,13.090593704022467
50,1000000,63.13253012048193,83,171.50621525559666,116.61384965083562,250,276.0,5,554.5057424842082,10.246963312849402
51,1020000,50.212765957446805,94,171.8083605441352,116.40877042687498,255,224.0,5,607.8222352260628,8.420225031906739
52,1040000,55.90909090909091,88,171.83858248393656,116.38829715014435,260,128.0,5,561.9932508148615,7.448488027090207
53,1060000,74.47368421052632,76,166.5279547405254,120.099955777172,265,264.0,5,557.7317407046947,9.423885385040194
54,1080000,72.15189873417721,79,173.4956374256395,115.2766737928614,270,400.0,5,563.4481733587586,11.09951242315583
55,1100000,81.36986301369863,73,172.02504937971818,116.26213782303967,275,188.0,5,553.2474133945217,7.683723225956783
56,1120000,81.11111111111111,72,167.72392886804974,119.24356968607754,280,284.0,5,523.7164667221856,11.544414552859962
57,1140000,98.0952380952381,63,116.99542253509757,170.94685900211334,285,360.0,5,463.27087121177277,14.05657123005949
58,1160000,72.98701298701299,77,140.78783276612216,142.0577304661274,290,268.0,5,584.3311791802835,9.737628596136346
59,1180000,64.76190476190476,84,167.80661311546436,119.18481416604482,295,316.0,5,557.5166807356296,10.170099291950464
60,1200000,71.9047619047619,84,173.43611338313883,115.31623725802638,300,348.0,5,564.7865095677171,10.46767212008126
61,1220000,76.0,80,172.6280164907908,115.85604936303571,305,352.0,5,566.5757031894859,9.181473844917491
62,1240000,81.84210526315789,76,161.57551208713429,123.78113330202177,310,416.0,5,536.7441999537247,12.557192048989236
63,1260000,76.3157894736842,76,170.06173405612594,117.60435180203058,315,420.0,5,567.747768763941,9.770183706888929
64,1280000,87.22222222222223,72,174.5990096876132,114.54818693292327,320,464.0,5,606.4531045063358,12.07512987498194
65,1300000,91.17647058823529,68,170.93468138762117,117.00375744490884,325,352.0,5,498.4544673987237,11.210652858950198
66,1320000,81.84210526315789,76,158.18732886504623,126.43237700196914,330,428.0,5,411.57010828797905,14.711952782934532
67,1340000,96.48648648648648,74,75.42351418546362,265.1692938997876,335,480.0,5,425.6692150059204,17.49245596700348
68,1360000,100.0,70,72.90519634119401,274.32886822498403,340,384.0,5,448.35949070782806,12.262481588870287
69,1380000,114.75409836065573,61,75.69206371157554,264.2284939701203,345,344.0,5,426.1958799273004,13.378824781160802
70,1400000,118.70967741935483,62,73.60155178556204,271.73340119607747,350,492.0,5,431.28034660117794,16.035973015008494
71,1420000,110.49180327868852,61,73.10819510422499,273.56714211707003,355,360.0,5,437.6106090242245,14.757411879021674
72,1440000,110.47619047619048,63,70.1779801149407,284.9896786320023,360,652.0,5,314.1570441834387,25.503168394090608
73,1460000,109.66666666666667,60,44.59542567248085,448.4764905460179,365,596.0,5,286.75531562027135,26.68128394917585
74,1480000,107.79661016949153,59,42.346736498044145,472.2914126079995,370,352.0,5,278.4986612216582,22.02883120905608
75,1500000,95.65217391304348,69,41.57025543718408,481.11323324008845,375,300.0,5,282.5977863467131,16.005079369060695
76,1520000,102.8125,64,42.22066323170082,473.7017012319993,380,404.0,5,281.21757295034155,22.25678834482096
77,1540000,118.24561403508773,57,42.11853105008497,474.85036874189973,385,496.0,5,265.9546373316274,23.79353134613484
78,1560000,133.96226415094338,53,41.11146972747138,486.4822428529151,390,484.0,5,278.91187640973095,22.752706272993237
79,1580000,166.38297872340425,47,42.32869346069316,472.4927316401154,395,748.0,5,255.0873243133857,32.16153535689227
80,1600000,136.0,55,42.14533595738264,474.54835857101716,400,616.0,5,276.389581316929,26.491591922938824
81,1620000,166.8,50,41.339234529761065,483.80189491901547,405,540.0,5,299.46176176625784,24.33365768310614
82,1640000,167.84313725490196,51,41.91498603965557,477.1563082730863,410,784.0,5,267.09425261132844,30.959108700975776
83,1660000,142.22222222222223,54,41.295297209227414,484.31664987583645,415,844.0,5,287.1920421058376,27.29532455885783
84,1680000,133.11475409836066,61,41.167375250454185,485.8215972799808,420,828.0,5,273.3004349088321,29.868229089071974
85,1700000,180.7843137254902,51,41.12162162876256,486.36214253795333,425,948.0,5,264.8449207931568,31.252251223893836
86,1720000,159.25925925925927,54,41.319450684146894,484.03354035085067,430,748.0,5,265.5343875792799,31.156039997003973
87,1740000,210.2127659574468,47,40.9694411697643,488.1687284219079,435,800.0,5,244.6061516129637,33.09810463315807
88,1760000,182.91666666666666,48,41.292341312177626,484.35131950490177,440,864.0,5,263.103985827948,32.15458699106239
89,1780000,188.33333333333334,48,41.095578576065606,486.67035951279104,445,640.0,5,252.93951626770956,30.572526247007772
90,1800000,200.0,49,41.45117880781936,482.49532522889785,450,636.0,5,248.42430140712878,30.854469375917688
91,1820000,182.7450980392157,51,41.357212704704914,483.5915839590598,455,676.0,5,269.74541350021235,27.2849866268225
92,1840000,189.79591836734693,49,41.30484735485383,484.20467041502707,460,592.0,5,283.0672863229219,27.399845813168213
93,1860000,179.6153846153846,52,40.90941454672384,488.8850212499965,465,660.0,5,279.62233390869426,27.76602244703099
94,1880000,185.88235294117646,51,40.530602772159504,493.45429458399303,470,704.0,5,257.56825439872944,28.908842114033177
95,1900000,184.08163265306123,49,41.26123354550122,484.71648279600777,475,836.0,5,238.05887474346517,34.27303438610397
96,1920000,176.92307692307693,52,41.209013861875405,485.33071106811985,480,760.0,5,247.22857663369243,29.486882541095838
97,1940000,206.80851063829786,47,40.915029644016,488.8179276420269,485,756.0,5,246.13412987481567,30.22335831192322
98,1960000,196.8,50,41.07232673793007,486.9458730111364,490,724.0,5,253.69916585217854,29.203880017157644
99,1980000,249.04761904761904,42,38.12999161763082,524.5214895550162,495,612.0,5,237.47963850343908,30.983708946034312
100,2000000,191.4814814814815,54,38.2563803242522,522.7886127878446,500,1088.0,5,231.61396258021844,36.72490166500211
101,2020000,211.42857142857142,49,39.24453005729714,509.6251623041462,505,1152.0,5,254.55199008449944,34.47232919721864
102,2040000,192.54901960784315,51,41.100186673090946,486.61579469405115,510,1116.0,5,244.37629708670445,37.96603889414109
103,2060000,204.48979591836735,49,40.94277103542313,488.48672169004567,515,788.0,5,248.20440710886268,33.75443690782413
104,2080000,219.58333333333334,48,40.639207905941674,492.1355762220919,520,1252.0,5,246.49937230734375,37.69989316002466
105,2100000,186.54545454545453,55,41.284838335014484,484.43934399611317,525,1220.0,5,251.71731642856432,39.30996937514283
106,2120000,208.4,50,41.26494200402883,484.6729215818923,530,1108.0,5,245.8829660767977,35.95613043499179
107,2140000,239.14893617021278,47,40.72629715108048,491.0831919191405,535,1328.0,5,248.75760377726158,35.89840014697984
108,2160000,232.5,48,41.03990826781421,487.33052397402935,540,1136.0,5,245.55272326133624,37.22214878583327
109,2180000,228.57142857142858,49,40.600036451329736,492.61039516492747,545,988.0,5,255.18714326154492,30.197446084115654
110,2200000,228.62745098039215,51,40.77208276540606,490.53172277403064,550,1116.0,5,246.30715817267688,37.86735257389955
111,2220000,295.6521739130435,46,41.09738852433316,486.64892632188275,555,1148.0,5,257.1639549010528,32.13514119107276
112,2240000,273.1914893617021,47,41.086917303426844,486.7729514068924,560,1500.0,5,252.12839943699876,41.88738763099536
113,2260000,235.2,50,41.301890478504006,484.23933549504727,565,1156.0,5,252.7198116985257,32.94953388907015
114,2280000,290.90909090909093,44,41.39315370435171,483.1716892810073,570,948.0,5,249.28110898637067,30.892834323924035
115,2300000,257.39130434782606,46,40.97777133750662,488.0694910241291,575,1128.0,5,260.9231726842787,33.52327779098414
116,2320000,293.6585365853659,41,40.973407769488695,488.12146923481487,580,1108.0,5,275.0812789703684,33.553719229996204
117,2340000,217.30769230769232,52,41.00273998153124,487.7722808038816,585,1392.0,5,266.5960974279409,32.55861613783054
118,2360000,271.16279069767444,43,41.3469213531486,483.71195110701956,590,700.0,5,277.05817941901205,28.24677479802631
119,2380000,272.09302325581393,43,40.986734232152884,487.96276099281386,595,1160.0,5,255.04178822390307,34.97858159686439
120,2400000,256.5217391304348,46,40.535437200248,493.3954431328457,600,1276.0,5,253.13794840445016,39.52785452781245
121,2420000,280.93023255813955,43,41.39159156849721,483.1899243812077,605,1148.0,5,253.42646249820075,30.96361730596982
122,2440000,266.8181818181818,44,41.201822146463584,485.415424805833,610,1388.0,5,250.70330763340732,39.56469539087266
123,2460000,289.09090909090907,44,41.43775663326177,482.65161111415364,615,1524.0,5,241.26756582485947,39.54945194302127
124,2480000,300.8888888888889,45,40.85475415735411,489.5391102579888,620,1528.0,5,250.06413628040627,38.830038343090564
125,2500000,324.09090909090907,44,41.158293657414426,485.9287939989008,625,968.0,5,251.64141788859388,28.96581993997097
126,2520000,276.3265306122449,49,40.70406030096282,491.3514733449556,630,1164.0,5,273.1566066242135,31.392248227028176
127,2540000,325.45454545454544,44,40.801847629506234,490.17388088908046,635,1788.0,5,262.54453709052507,40.85402087913826
128,2560000,318.6046511627907,43,41.106928669426225,486.5359842579346,640,1348.0,5,261.5225453240715,36.73870636313222
129,2580000,320.0,40,41.07711564525971,486.8891032349784,645,1752.0,5,263.35397213700105,43.021944602020085
130,2600000,290.22222222222223,45,41.14991680420353,486.02771410602145,650,1668.0,5,272.7724376359735,36.91355360997841
131,2620000,348.2926829268293,41,40.84865423935309,489.61221299506724,655,788.0,5,288.12990632762546,26.210399664007127
132,2640000,317.27272727272725,44,40.80372501829353,490.15132787590846,660,1232.0,5,259.879425086817,37.5982053859625
133,2660000,380.0,39,40.83809099191899,489.73885689117014,665,868.0,5,274.7420353885124,28.037209483096376
134,2680000,402.1621621621622,37,40.7543834903454,490.7447564441245,670,856.0,5,278.6152700592152,30.58698110189289
135,2700000,388.2926829268293,41,40.86592231630889,489.40532518015243,675,2060.0,5,268.6646153583035,39.29434468294494
136,2720000,417.43589743589746,39,40.906243388877236,488.9229208820034,680,1692.0,5,267.49284247870486,38.02718572109006
137,2740000,283.4782608695652,46,41.20965721881079,485.323134182021,685,1344.0,5,247.96371957966642,39.283972738077864
138,2760000,357.43589743589746,39,40.60748770615862,492.5200038161129,690,1944.0,5,265.64288259897995,40.94971374189481
139,2780000,414.44444444444446,36,40.93351285284506,488.5972057150211,695,1672.0,5,277.50376763732163,34.107645026175305
140,2800000,433.5135135135135,37,41.6035258187546,480.72848650207743,700,1360.0,5,255.60632802315806,35.48425451805815
141,2820000,394.5,40,41.54867072014145,481.36317367921583,705,1228.0,5,257.5703499555803,35.741691547911614
142,2840000,360.0,37,40.98311022923652,488.00590995000675,710,1844.0,5,265.0304934406758,42.62905695615336
143,2860000,383.4146341463415,41,40.59433028844429,492.6796391981188,715,2032.0,5,287.13966155696784,38.3367450539954
144,2880000,331.16279069767444,43,40.98972316600496,487.9271791859064,720,2088.0,5,288.79354899474384,38.7370148638729
145,2900000,332.09302325581393,43,40.796238744730424,490.2412726120092,725,2156.0,5,277.1721537848341,40.527159191900864
146,2920000,370.69767441860466,43,41.25464564978972,484.7938864820171,730,1528.0,5,251.01754650442086,37.23245697421953
147,2940000,396.4102564102564,39,40.752134696859336,490.7718368319329,735,2196.0,5,275.99691574337083,41.33379523199983
148,2960000,398.46153846153845,39,41.51428491944153,481.7618812129367,740,1692.0,5,262.68286730775054,41.33120713685639
149,2980000,482.2857142857143,35,41.17115380655544,485.7770101360511,745,1768.0,5,256.6207232459417,41.867234508972615
150,3000000,450.5263157894737,38,40.50519156638455,493.76386647182517,750,1848.0,5,247.43220388441705,42.17720990302041
151,3020000,441.6216216216216,37,41.004819616502466,487.7475425340235,755,2504.0,5,263.9105842789884,42.38556793984026
152,3040000,565.7142857142857,35,41.460950893029015,482.3816041171085,760,1476.0,5,260.02271532769225,39.13888825895265
153,3060000,491.1111111111111,36,41.07367910308164,486.9298401491251,765,1600.0,5,252.63004541550072,38.720651709940284
154,3080000,423.4146341463415,41,40.79431120280252,490.2644366410095,770,2252.0,5,261.0243153536653,43.09177091321908
155,3100000,357.27272727272725,44,41.19790555199999,485.4615721849259,775,1636.0,5,260.3181085464906,36.163446533028036
156,3120000,448.1081081081081,37,41.42427798061739,482.80865654093213,780,2192.0,5,268.4427995929512,43.33884171093814
157,3140000,495.0,36,40.7374330044487,490.9489510008134,785,1476.0,5,263.28273862246544,34.74211810412817
158,3160000,475.94594594594594,37,40.79303890193074,490.2797275800258,790,1740.0,5,296.88672517134523,35.5455434860196
159,3180000,448.64864864864865,37,40.94524542663775,488.4572016019374,795,1672.0,5,285.81005560138885,38.94894452393055
160,3200000,458.9189189189189,37,41.098736613386656,486.63296363921836,800,1560.0,5,286.24266524417845,37.33196094608866
161,3220000,386.0,40,40.944836138551096,488.46208426193334,805,1464.0,5,268.5366567282102,38.60925404494628
162,3240000,482.85714285714283,35,41.081794425929075,486.83365173009224,810,1944.0,5,262.1859844933689,41.642195409862325
163,3260000,392.63157894736844,38,40.80408310866414,490.1470263830852,815,1996.0,5,257.7657085646771,42.59682197892107
164,3280000,457.36842105263156,38,40.80530301680704,490.13237303402275,820,2168.0,5,246.9441970495935,47.933906289050356
165,3300000,506.1111111111111,36,40.93510095239424,488.5782503201626,825,2364.0,5,272.15591400016973,44.25771912490018
166,3320000,467.89473684210526,38,41.19056232281426,485.5481176308822,830,2124.0,5,273.3721003588583,39.50659187906422
167,3340000,419.0243902439024,41,40.782190157048376,490.41015019011684,835,2248.0,5,291.6088064425783,39.87533895787783
168,3360000,462.7027027027027,37,41.284259714421694,484.4461336680688,840,1500.0,5,297.95071657288946,31.078965362161398
169,3380000,471.35135135135135,37,40.94340807485204,488.47912131389603,845,2044.0,5,298.89101027685416,36.83282407792285
170,3400000,470.0,36,40.56762661434524,493.0039459820837,850,1796.0,5,293.370483136771,35.22167564206757
171,3420000,524.4444444444445,36,40.371915887994625,495.3938786429353,855,1864.0,5,292.4468754317392,33.363324486184865
172,3440000,527.2222222222222,36,40.660515178700344,491.87768310611136,860,1888.0,5,281.81084561463007,38.27389956009574
173,3460000,531.6666666666666,36,41.018835779308496,487.58087888220325,865,2308.0,5,288.18618925465927,38.21487777912989
174,3480000,527.6470588235294,34,41.075717553452776,486.9056754510384,870,1640.0,5,266.040776138658,36.486887990962714
175,3500000,427.6923076923077,39,40.37722339199692,495.32876012381166,875,1972.0,5,264.28724480147537,38.367345376871526
176,3520000,487.56756756756755,37,40.64389258181736,492.078851939179,880,1876.0,5,256.6341376208153,39.714124139864
177,3540000,558.7878787878788,33,40.76226892967024,490.6498221310321,885,2512.0,5,278.76628974883874,42.70961173507385
178,3560000,552.9411764705883,34,40.5874462068613,492.7632031359244,890,2148.0,5,266.8385023590221,42.29524562694132
179,3580000,515.4285714285714,35,41.02397824941631,487.51975925895385,895,2468.0,5,267.36801284607486,43.733728188090026
180,3600000,514.4444444444445,36,40.80534680885291,490.1318470269907,900,2148.0,5,286.346388535274,39.07854419690557
181,3620000,588.4848484848485,33,40.86799524909369,489.38050124794245,905,1908.0,5,257.197823635404,35.96842255210504
182,3640000,477.36842105263156,38,41.14718671205133,486.05996176507324,910,2160.0,5,280.5135401315562,39.99093945603818
183,3660000,517.7142857142857,35,40.77755812387548,490.4658572061453,915,2484.0,5,289.49654802843696,41.105844201054424
184,3680000,528.2352941176471,34,40.36837890104929,495.43728394503705,920,2536.0,5,297.24132980126603,39.91706001292914
185,3700000,540.5405405405405,37,40.244268390544526,496.9651778959669,925,2588.0,5,295.1353186813317,40.5508905320894
186,3720000,485.7894736842105,38,40.55971905017102,493.10006253398024,930,2700.0,5,282.1350398709913,41.5758354770951
187,3740000,573.7142857142857,35,40.56747530142949,493.0057848410215,935,1812.0,5,278.5623599467564,38.01662220992148
188,3760000,459.4594594594595,37,41.18016564037196,485.6707030918915,940,1980.0,5,284.01893059690167,34.56811832706444
189,3780000,513.7142857142857,35,40.82224163385486,489.9289994749706,945,2236.0,5,282.60558455371313,40.041671568062156
190,3800000,596.969696969697,33,40.925895010264135,488.68815196305513,950,1624.0,5,277.7565013689169,35.45191544201225
191,3820000,476.8421052631579,38,41.3991344308854,483.1018878761679,955,2796.0,5,264.5298521461346,43.779557981994
192,3840000,467.56756756756755,37,41.13107414339396,486.2503694961779,960,1376.0,5,261.23187763350694,36.42740727588534
193,3860000,524.5714285714286,35,40.0658339005984,499.1784284240566,965,2256.0,5,262.905155421413,44.240288789151236
194,3880000,517.2972972972973,37,41.10837313100574,486.51888840901665,970,2576.0,5,271.1253334290267,43.01700565009378
195,3900000,574.1176470588235,34,40.9099223280416,488.8789531211369,975,2652.0,5,263.03771209630196,43.67054407694377
196,3920000,464.2105263157895,38,40.95016792609589,488.39848559582606,980,2528.0,5,263.3706609583905,44.04059266811237
197,3940000,490.0,36,41.1169814299524,486.41703024995513,985,1912.0,5,261.0346010958727,40.921778013929725
198,3960000,509.7142857142857,35,40.94094615290165,488.5084952679463,990,1996.0,5,267.38789143245936,38.34504227200523
199,3980000,558.7878787878788,33,41.33348287896369,483.86921708402224,995,2372.0,5,252.55229798181136,44.74320800206624
200,4000000,612.7272727272727,33,41.55979569497199,481.2343195041176,1000,2720.0,5,248.12215294067917,48.83078699908219
201,4020000,556.7647058823529,34,40.79203245215216,490.29182410705835,1005,2016.0,5,254.66996701093848,44.771671091904864
202,4040000,528.8888888888889,36,40.91130382870229,488.86244456400163,1010,2964.0,5,246.84700718083104,49.35445699398406
203,4060000,518.8888888888889,36,41.72087192351277,479.3763667419553,1015,2320.0,5,247.9536785360753,45.26651940098964
204,4080000,502.1621621621622,37,41.35073143721422,483.6673815641552,1020,1912.0,5,255.92170204514596,45.13099087611772
205,4100000,509.44444444444446,36,41.59169987464242,480.8651740679052,1025,2652.0,5,250.83390634287036,47.17065636184998
206,4120000,548.5714285714286,35,41.21392427311785,485.2728865968529,1030,2200.0,5,248.9809914605487,45.61392391193658
207,4140000,504.44444444444446,36,41.474585681187214,482.2230209540576,1035,2712.0,5,256.2440589470695,45.468371239025146
208,4160000,575.8823529411765,34,41.50236938898662,481.90019737300463,1040,2440.0,5,258.5019692132272,42.32849766407162
209,4180000,623.125,32,41.12594440309841,486.3110207018908,1045,2540.0,5,251.86760951560612,47.2708659239579
210,4200000,575.0,32,41.17498898591645,485.7317632031627,1050,1800.0,5,251.65379524198073,45.129460452124476
211,4220000,453.3333333333333,39,41.393591317893495,483.1665811841376,1055,2480.0,5,252.91632659513044,49.344382658135146
212,4240000,516.1111111111111,36,41.32224895252498,484.00076247006655,1060,2168.0,5,265.4061914615302,42.92288713110611
213,4260000,540.0,36,40.95978654710846,488.28379457001574,1065,2432.0,5,290.0168923501172,39.659758805064484
214,4280000,580.0,34,41.50983705022262,481.81350304512307,1070,2448.0,5,281.654140086392,41.735583920031786
215,4300000,545.9459459459459,37,41.1414062143576,486.1282547269948,1075,2460.0,5,279.32555745979016,42.49521636310965
216,4320000,598.8235294117648,34,40.87140035255545,489.3397296760231,1080,2024.0,5,283.4728360630761,37.23108057398349
217,4340000,483.5897435897436,39,40.86628376665317,489.40099653298967,1085,2256.0,5,263.23986796747056,41.67681774310768
218,4360000,422.85714285714283,42,41.222985017130576,485.1662244179752,1090,2004.0,5,261.1737452950516,42.42386610293761
219,4380000,540.5714285714286,35,40.887468421032736,489.14742761896923,1095,1788.0,5,249.32242144119326,39.334609151119366
220,4400000,538.8571428571429,35,41.55061551678759,481.3406432431657,1100,2408.0,5,280.85620565448846,40.88925139908679
221,4420000,601.25,32,40.7682885357949,490.5773756590206,1105,1820.0,5,279.3081501643354,38.828082866966724
222,4440000,551.4285714285714,35,41.02754685904388,487.47735439101234,1110,2464.0,5,271.8269112683728,44.70491881505586
223,4460000,545.1428571428571,35,40.74591014570777,490.8468096179422,1115,2392.0,5,262.62842334032393,43.99752263305709
224,4480000,551.875,32,41.279563861683364,484.50124296406284,1120,2268.0,5,260.026106363513,41.9034848168958
225,4500000,581.875,32,41.38080585200025,483.3158656100277,1125,2480.0,5,263.96402066013746,45.76002430100925
226,4520000,515.2631578947369,38,41.1920033335219,485.53113180887885,1130,1636.0,5,282.27227959515886,34.36398364696652
227,4540000,614.5454545454545,33,40.67526287960006,491.69934215792455,1135,2684.0,5,285.4042585292867,41.87043340411037
228,4560000,558.2857142857143,35,41.423999669080615,482.81190034211613,1140,2220.0,5,264.0617046446502,42.55066070682369
229,4580000,557.5,32,41.131430256913454,486.24615956889465,1145,3096.0,5,243.30539996761777,51.37987073720433
230,4600000,497.22222222222223,36,41.32611994120121,483.9554264580365,1150,2444.0,5,255.4425038612876,41.1834359630011
231,4620000,485.7894736842105,38,41.214926575140126,485.2610852899961,1155,2136.0,5,261.06336996659667,40.43462704611011
232,4640000,538.7878787878788,33,41.05360597822307,487.1679240700323,1160,2560.0,5,255.52797714737096,46.429358273977414
233,4660000,492.1951219512195,41,41.59192416518921,480.8625809319783,1165,2528.0,5,251.77086210994315,46.33578287111595
234,4680000,496.4102564102564,39,41.22044926135984,485.1960703579243,1170,1608.0,5,250.93206166139515,38.28127795387991
235,4700000,652.258064516129,31,41.60323438655547,480.7318540229462,1175,1768.0,5,253.82080604950653,41.03682500310242
236,4720000,590.5882352941177,34,41.40542391728688,483.02850467013195,1180,2208.0,5,255.3545377809094,46.94257679604925
237,4740000,584.7058823529412,34,40.99117221840464,487.90993078798056,1185,2076.0,5,249.50944684509378,42.04249631683342
238,4760000,584.0,35,41.22436011628588,485.15004098508507,1190,2040.0,5,259.6539094864242,37.79261409700848
239,4780000,536.0,35,40.89847427756638,489.01579712401144,1195,1632.0,5,253.7396363596701,41.10118604102172
240,4800000,438.46153846153845,39,40.94641482087705,488.4432516861707,1200,2412.0,5,250.40055947790603,48.0550044500269
241,4820000,407.1794871794872,39,41.23734078790483,484.9973256730009,1205,1964.0,5,258.9400593263464,42.39205022412352
242,4840000,428.64864864864865,37,41.10406188279,486.56991751887836,1210,1860.0,5,256.2358613663069,39.03044619387947
243,4860000,458.97435897435895,39,41.441251102458516,482.61091226595454,1215,1352.0,5,265.6363264170585,34.76934094284661
244,4880000,516.8421052631579,38,41.216800786013664,485.2390194919426,1220,2056.0,5,262.5320277491871,41.73966922797263
245,4900000,632.7272727272727,33,41.665822185776065,480.00972861703485,1225,2612.0,5,255.90313629857843,45.08737238193862
246,4920000,526.2857142857143,35,41.28085963217059,484.486034889007,1230,2536.0,5,256.8383266441079,44.57278689509258
247,4940000,525.7142857142857,35,41.42222887745582,482.8325404499192,1235,2184.0,5,254.02328755942534,43.48420220101252
248,4960000,542.5,32,41.88014722048501,477.55324007594027,1240,2484.0,5,252.0694952629079,43.02384938998148
249,4980000,499.4117647058824,34,41.358316834229086,483.578673671931,1245,2016.0,5,256.42629132925805,46.715178610989824
250,5000000,612.9032258064516,31,41.14442578246942,486.0925780260004,1250,2496.0,5,253.21562983068213,47.4496776049491
251,5020000,520.0,36,41.0907239267128,486.7278570139315,1255,1784.0,5,253.4577110210457,38.58631864306517
252,5040000,698.0,30,41.434362560296464,482.69114725477993,1260,2700.0,5,240.8239154681173,49.13548547285609
253,5060000,572.5,32,40.86034872451089,489.4720829438884,1265,1816.0,5,249.3705710597639,36.65228002308868
254,5080000,476.1111111111111,36,41.52222261190883,481.6697840800043,1270,2860.0,5,249.4657476191229,49.449674425181
255,5100000,438.42105263157896,38,41.46178859174518,482.3718580240384,1275,1580.0,5,244.66847321501064,41.415225537028164
256,5120000,402.5,40,41.56191563402984,481.20977329602465,1280,2520.0,5,250.91460446814745,49.75796457310207
257,5140000,583.8709677419355,31,41.79920701430906,478.477976703085,1285,2316.0,5,260.39006805252535,45.1246089679189
258,5160000,413.1578947368421,38,41.31485171300563,484.08742064307444,1290,1480.0,5,264.64126169509683,38.70522659388371
259,5180000,570.3030303030303,33,41.226893276800176,485.12023124611005,1295,1696.0,5,280.11167436052614,37.488619579933584
260,5200000,472.43243243243245,37,41.0120570901581,487.6614688220434,1300,1988.0,5,266.79148176229666,43.68955081701279
261,5220000,448.71794871794873,39,41.06192387322429,487.06923868809827,1305,1672.0,5,259.30191884855117,43.28544906200841
262,5240000,442.10526315789474,38,41.55499830757268,481.2898764179554,1310,2152.0,5,259.94591797400227,44.097634189995006
263,5260000,424.61538461538464,39,41.80411369069629,478.42181628290564,1315,1780.0,5,268.0560446028,39.39101621694863
264,5280000,402.5,40,40.99086770093395,487.91355542698875,1320,2444.0,5,264.0636859363578,46.23505862499587
265,5300000,474.7368421052632,38,40.96107236153147,488.2684667890426,1325,2020.0,5,269.76007957293183,42.48590087215416
266,5320000,467.02702702702703,37,41.30159577761193,484.24279070692137,1330,2000.0,5,244.32230225711675,44.66231653513387
267,5340000,499.42857142857144,35,41.19921289581133,485.44616739591584,1335,2152.0,5,268.5641167956791,39.65161141799763
268,5360000,396.6666666666667,42,41.05989263919572,487.0933340168558,1340,2336.0,5,262.510021078376,43.04216636600904
269,5380000,416.9230769230769,39,41.119224303157445,486.3904983359389,1345,1976.0,5,265.30347139677787,41.37525959312916
270,5400000,480.55555555555554,36,41.18737089468194,485.58574061794207,1350,1652.0,5,274.6520976497692,31.57449032505974
271,5420000,560.5882352941177,34,41.36288024897886,483.5253222119063,1355,2140.0,5,284.8046150949696,36.50923983985558
272,5440000,527.2222222222222,36,41.16313820975382,485.8716043001041,1360,1644.0,5,266.8209934998912,38.20538956206292
273,5460000,446.15384615384613,39,41.150908202523745,486.01600483688526,1365,1532.0,5,263.26325195348517,37.373237346997485
274,5480000,505.55555555555554,36,39.51834446821719,506.09407527395524,1370,1836.0,5,229.75035594226446,44.67022459185682
275,5500000,471.57894736842104,38,37.83079775277219,528.6697925510816,1375,1868.0,5,230.498948700025,43.55334398103878
276,5520000,470.81081081081084,37,38.07252894728833,525.3131471169181,1380,2376.0,5,232.46334886110256,50.31330769904889
277,5540000,514.7368421052631,38,40.94938654514209,488.40780503395945,1385,2472.0,5,266.4196170041439,41.58477564295754
278,5560000,501.1111111111111,36,41.48452311204822,482.1075065990444,1390,2468.0,5,261.41520411507895,40.46818942995742
279,5580000,417.14285714285717,42,40.58806011935797,492.75574987288564,1395,1396.0,5,264.2103582813912,30.502210634062067
280,5600000,572.5714285714286,35,41.36748303943373,483.4715223291423,1400,644.0,5,250.1032049690237,22.39475500001572
281,5620000,491.28205128205127,39,41.22471887251784,485.14581898902543,1405,2108.0,5,255.2337121525943,39.32082449202426
282,5640000,469.2307692307692,39,41.42262592088634,482.82791241188534,1410,1756.0,5,250.91482323243213,37.78573094191961
283,5660000,457.94871794871796,39,41.261952210881034,484.70804041903466,1415,2572.0,5,247.3984315321525,45.327692380873486
284,5680000,596.0,35,40.81893969981814,489.9686309120152,1420,2548.0,5,250.24653975781766,47.31334152095951
285,5700000,518.9473684210526,38,41.356943352416074,483.5947335269302,1425,2352.0,5,248.71549232247474,46.20942544704303
286,5720000,486.8421052631579,38,41.82615137675744,478.16974169691093,1430,1488.0,5,259.71511528018885,38.77710386295803
287,5740000,583.6363636363636,33,41.59922522319806,480.77818499482237,1435,2164.0,5,249.8341394042493,42.41213800990954
288,5760000,591.875,32,41.64153900768541,480.28964530606754,1440,2232.0,5,258.26987979674374,45.47568616690114
289,5780000,483.0769230769231,39,41.04643040020126,487.2530888800975,1445,2088.0,5,250.46838960984584,43.78197191702202
290,5800000,526.6666666666666,36,41.219617226193705,485.20586424297653,1450,2224.0,5,250.5761944664754,46.92784174904227
291,5820000,508.8888888888889,36,41.2530547118062,484.8125827219337,1455,2416.0,5,262.3668326258859,45.25343345105648
292,5840000,477.5,40,41.40894216865927,482.98746484611183,1460,1808.0,5,255.97735701393893,42.84753982909024
293,5860000,558.2857142857143,35,41.28583116030007,484.42769439099357,1465,2580.0,5,258.89231920917786,43.419596357038245
294,5880000,602.4242424242424,33,41.36855520075486,483.458992051892,1470,2176.0,5,273.8457562906642,42.75764634297229
295,5900000,475.13513513513516,37,41.53242831023963,481.5514241210185,1475,1900.0,5,258.2812734106677,47.243068918120116
296,5920000,499.42857142857144,35,41.37774845096561,483.3515778100118,1480,1608.0,5,252.83079097393298,38.859982054214925
297,5940000,599.375,32,41.347358390517414,483.70683832094073,1485,2540.0,5,253.50062221235595,47.71191444993019
298,5960000,586.2857142857143,35,41.44250907125008,482.59626282798126,1490,2204.0,5,251.07904036640807,43.400675676064566
299,5980000,416.4102564102564,39,40.951798226664025,488.37904233904555,1495,2032.0,5,241.79796293388273,46.05497856508009
300,6000000,456.5853658536585,41,41.206990324402575,485.3545440360904,1500,1504.0,5,242.66373401511228,37.80540193710476
301,6020000,512.2222222222222,36,40.987854563981045,487.9494233781006,1505,1784.0,5,260.4279179798487,39.24310449999757
302,6040000,426.6666666666667,42,41.44922433036962,482.5180765890982,1510,1924.0,5,255.7359355614331,44.10799747495912
303,6060000,478.85714285714283,35,41.52903820228649,481.5907342371065,1515,1920.0,5,260.51881471761834,39.72073959885165
304,6080000,414.4186046511628,43,41.424794969581306,482.802631001221,1520,2172.0,5,254.5034039940982,41.4807811381761
305,6100000,513.1428571428571,35,41.81103629781757,478.3426045109518,1525,1756.0,5,252.42148832578312,38.85564602701925
306,6120000,421.5,40,41.83023601599406,478.1230493739713,1530,2228.0,5,254.24008334717405,41.55914307804778
307,6140000,537.7777777777778,36,41.86420443698613,477.7351025529206,1535,1768.0,5,251.56521108733244,37.8669211009983
308,6160000,513.6842105263158,38,41.49233202792293,482.01677328092046,1540,2104.0,5,241.89938608943166,46.42012607608922
309,6180000,560.0,37,41.58143673388749,480.98386133206077,1545,836.0,5,243.5014315069343,29.1497259628959
310,6200000,537.3684210526316,38,41.218971446550064,485.2134659870062,1550,1824.0,5,252.33944865460833,39.03868401283398
311,6220000,612.5714285714286,35,41.35499108876379,483.61756280087866,1555,1548.0,5,266.8932787659327,35.557283584959805
312,6240000,658.6666666666666,30,41.14800908565064,486.0502474948298,1560,2776.0,5,266.5680251748292,45.54934895900078
313,6260000,564.3243243243244,37,41.59425457291257,480.8356395699084,1565,2688.0,5,275.0420191747263,42.53895472083241
314,6280000,538.8235294117648,34,41.48075808574268,482.1512653809041,1570,1572.0,5,273.6185478942066,32.65129527496174
315,6300000,483.6842105263158,38,41.500332959186544,481.9238443139475,1575,884.0,5,296.13453506343564,23.732456596102566
316,6320000,443.9024390243902,41,41.53838683899768,481.4823473410215,1580,2020.0,5,261.3204429228049,37.51715667685494
317,6340000,512.972972972973,37,41.349366885521526,483.68334285193123,1585,1788.0,5,268.98302576908304,37.06553590693511
318,6360000,551.8918918918919,37,41.42417439330256,482.8098638758529,1590,2684.0,5,273.49854234131385,40.79363606288098
319,6380000,614.2857142857143,35,41.73387445282625,479.2270131211262,1595,1472.0,5,257.2820365723474,37.558004937833175
320,6400000,616.969696969697,33,41.22571023266318,485.13415262289345,1600,2440.0,5,258.1014382133101,43.56814157194458
321,6420000,706.6666666666666,33,41.169551319336186,485.7959185629152,1605,2440.0,5,260.82738377581256,42.84059379901737
322,6440000,685.1612903225806,31,41.23616468248413,485.0111583848484,1610,2288.0,5,264.7020022759258,39.3763549590949
323,6460000,467.3170731707317,41,41.02719091238871,487.4815836821217,1615,2984.0,5,255.67200374003622,47.744766033953056
324,6480000,599.4117647058823,34,41.05552382765104,487.1451667249203,1620,2332.0,5,245.46002717382478,42.05165345594287
325,6500000,634.7058823529412,34,41.53185545514024,481.5580662318971,1625,2048.0,5,251.97675700670825,38.70991958095692
326,6520000,442.3809523809524,42,41.751710552107625,479.02228999789804,1630,2728.0,5,258.75316610254555,45.41007237508893
327,6540000,627.8787878787879,33,41.77385437409567,478.7683659950271,1635,2224.0,5,252.31560735054302,44.17087043100037
328,6560000,666.25,32,41.29253601393729,484.34903570101596,1640,2232.0,5,253.12298280761647,42.47342489706352
329,6580000,661.2121212121212,33,41.335811722748446,483.84195607784204,1645,2620.0,5,272.9574544703135,42.32894105208106
330,6600000,491.35135135135135,37,41.10920233361179,486.509074968053,1650,2956.0,5,250.50974908747781,49.403266919078305
331,6620000,603.125,32,41.179157125628635,485.6825976059772,1655,2516.0,5,251.71851002489257,48.51053662598133
332,6640000,459.04761904761904,42,41.675456932094,479.89875750103965,1660,2080.0,5,268.3966706362168,42.23971919296309
333,6660000,511.57894736842104,38,41.182529023219956,485.64283142308705,1665,2484.0,5,255.2963988400743,45.16710792784579
334,6680000,534.2105263157895,38,41.53305149555383,481.5441986520309,1670,1480.0,5,265.2823105874478,33.85073049203493
335,6700000,521.0526315789474,38,41.04233345992024,487.3017276059836,1675,2324.0,5,300.71209021752367,36.6363719929941
336,6720000,618.125,32,40.84563420384267,489.6484138350934,1680,2684.0,5,295.2409450190204,41.00718482397497
337,6740000,530.8108108108108,37,41.00768549205951,487.7134556612,1685,2224.0,5,280.85711425044605,37.74517169804312
338,6760000,647.2727272727273,33,40.87557197027336,489.2897893770132,1690,1636.0,5,271.0812844316582,36.86717074899934
339,6780000,476.0,40,41.117676043027025,486.4088130630553,1695,2924.0,5,275.4028923793927,45.15566228283569
340,6800000,686.875,32,40.90862167719166,488.89449656405486,1700,2840.0,5,273.4289891964513,41.46597635210492
341,6820000,700.6451612903226,31,41.033543520164905,487.40611422387883,1705,2756.0,5,273.8709133378797,41.73864197800867
342,6840000,586.6666666666666,36,40.5510818274159,493.2050909299869,1710,2076.0,5,284.8117595293779,36.213392372010276
343,6860000,520.5405405405405,37,41.0512948891831,487.19535045092925,1715,2784.0,5,294.0579330592062,38.62844263995066
344,6880000,659.4117647058823,34,40.58926625277362,492.74110735207796,1720,2332.0,5,310.77882829934066,33.831133406143636
345,6900000,626.0,30,40.51653242589221,493.62565852794796,1725,2660.0,5,298.4972658633711,41.31696136086248
346,6920000,602.2222222222222,36,40.898757772914585,489.0124074439518,1730,2520.0,5,286.3365924547305,39.251008415129036
347,6940000,627.8787878787879,33,40.396005219378814,495.098460637033,1735,2288.0,5,307.42353696289314,35.17297376389615
348,6960000,569.7297297297297,37,41.288795307179115,484.39291704213247,1740,3384.0,5,286.73188822422486,43.42732884408906
349,6980000,693.125,32,40.83807516299633,489.7390467149671,1745,2356.0,5,278.39101438858796,37.630524904001504
350,7000000,587.7777777777778,36,40.80907421310806,490.087079544086,1750,2992.0,5,282.51413021640946,43.583660720149055
351,7020000,562.0512820512821,39,41.195649517813635,485.4881579510402,1755,2936.0,5,272.96696493203285,42.935598463052884
352,7040000,612.9411764705883,34,41.10495335741511,486.5593649041839,1760,1860.0,5,266.8167344659107,38.168520502978936
353,7060000,596.1111111111111,36,41.025650976151,487.4998817599844,1765,2892.0,5,260.8615830277933,44.52936252695508
354,7080000,618.125,32,41.17260291184961,485.75991279492155,1770,3292.0,5,254.392102651852,48.38200506893918
355,7100000,456.5853658536585,41,41.056702373423995,487.13118306710385,1775,2540.0,5,262.40530998785,40.28500795387663
356,7120000,523.4285714285714,35,41.181879140764465,485.65049524907954,1780,2536.0,5,269.02549344567876,41.8993748719804
357,7140000,654.2857142857143,35,41.122784562889336,486.34838843205944,1785,2612.0,5,255.77299720662967,45.8961662419606
358,7160000,593.3333333333334,36,41.426062348713906,482.78786025196314,1790,2076.0,5,253.8577253009138,41.349933265009895
359,7180000,594.5945945945946,37,41.36759435494117,483.4702213620767,1795,2844.0,5,254.87690871654328,46.60681134206243
360,7200000,601.8181818181819,33,41.19999918021373,485.4369028629735,1800,2568.0,5,250.79316573673898,47.11053415387869
361,7220000,649.7142857142857,35,41.70819762573978,479.5220397550147,1805,3012.0,5,256.92975085909495,46.078743160003796
362,7240000,664.2424242424242,33,41.6168499667343,480.57457534596324,1810,1976.0,5,248.0471623387329,42.11295909015462
363,7260000,569.7297297297297,37,41.3725244978843,483.41260879603215,1815,1476.0,5,251.551365157561,41.31561756180599
364,7280000,613.5294117647059,34,42.01721147652392,475.99541466892697,1820,2632.0,5,251.5839298894242,45.80578737705946
365,7300000,612.4324324324324,37,41.716016846702885,479.4321584799327,1825,2332.0,5,258.2975512560684,41.06891431380063
366,7320000,586.4864864864865,37,41.58309302643672,480.96470330585726,1830,2796.0,5,249.77323906348846,49.540935795987025
367,7340000,690.3030303030303,33,41.09433957111759,486.6850327497814,1835,2884.0,5,263.9838695668029,46.98014321993105
368,7360000,678.7096774193549,31,41.0670893953683,487.0079738900531,1840,2300.0,5,280.17517148683277,40.39615623303689
369,7380000,574.4444444444445,36,40.98783340015854,487.9496753278654,1845,2532.0,5,278.277436514615,43.672243614913896
370,7400000,670.625,32,41.48382523953296,482.1156169788446,1850,2484.0,5,264.9068039948249,43.42659315094352
371,7420000,628.5714285714286,35,41.07699430604561,486.8905414789915,1855,2424.0,5,254.53675298656248,43.290408440865576
372,7440000,700.625,32,41.136144134082826,486.1904396000318,1860,3040.0,5,249.9299685646086,49.153769236058
373,7460000,698.0645161290323,31,41.676662325450835,479.88487762818113,1865,2828.0,5,250.16388866048894,49.955251602921635
374,7480000,640.6060606060606,33,41.39629677708319,483.1350037830416,1870,3276.0,5,242.90515958653074,51.205170039087534
375,7500000,687.2727272727273,33,41.42981797735578,482.74409535015,1875,2348.0,5,262.65673640497425,41.79599636490457
376,7520000,680.6060606060606,33,41.13638140701073,486.18763527390547,1880,2856.0,5,269.1602637272041,43.94407939794473
377,7540000,658.2857142857143,35,41.33870298021426,483.8081158369314,1885,2940.0,5,265.3300680603112,44.42014463781379
378,7560000,662.4242424242424,33,41.12201110177016,486.35753612592816,1890,2256.0,5,272.5936279313708,38.03830661298707
379,7580000,680.0,34,41.242685713065235,484.9344715119805,1895,2280.0,5,273.5968104119108,38.20585475489497
380,7600000,580.0,37,41.85551453672664,477.83428829791956,1900,2992.0,5,262.1736530423909,45.7216042149812
381,7620000,672.2222222222222,36,41.52066478002849,481.68785605812445,1905,2956.0,5,268.76823647189406,45.522492391988635
382,7640000,645.7142857142857,35,41.50843704554597,481.82975374511443,1910,1824.0,5,260.07207709659815,39.112234245054424
383,7660000,585.1428571428571,35,41.551263439671224,481.33313753595576,1915,2124.0,5,265.14321853549035,41.77742150519043
384,7680000,551.1111111111111,36,41.30480345735638,484.2051850131247,1920,2244.0,5,267.66047926718005,43.22266788012348
385,7700000,765.3333333333334,30,41.719714362802776,479.3896675819997,1925,2764.0,5,271.7723741599454,41.38021767209284
386,7720000,631.4285714285714,35,40.76937061433527,490.5643550201785,1930,1980.0,5,263.09436721497997,37.61388016305864
387,7740000,607.2222222222222,36,40.99159023211178,487.9049553030636,1935,2496.0,5,252.80925311235364,44.83221978810616
388,7760000,629.4117647058823,34,41.837892090879585,478.0355558199808,1940,2888.0,5,249.25268022834558,45.64444398181513
389,7780000,613.1428571428571,35,41.381971026713636,483.3022570889443,1945,2132.0,5,263.607104486679,40.02927015395835
390,7800000,517.2972972972973,37,41.51265995615135,481.78073920402676,1950,2420.0,5,246.7187030433839,43.73807038902305
391,7820000,711.25,32,41.27177277060937,484.5927048290614,1955,2644.0,5,249.532703682915,46.4548326889053
392,7840000,673.939393939394,33,41.17306202530133,485.7544961730018,1960,2728.0,5,254.47223099288385,44.86933586210944
393,7860000,612.3529411764706,34,41.565918235266075,481.1634350719396,1965,2052.0,5,252.71981445790928,40.85947919101454
394,7880000,435.45454545454544,44,41.56120903087771,481.2179545869585,1970,2620.0,5,260.1191424424561,45.248496090993285
395,7900000,577.8378378378378,37,41.77375383726145,478.7695182461757,1975,1740.0,5,246.62910258051298,38.52748885098845
396,7920000,538.974358974359,39,40.64892971457207,492.0178745279554,1980,2920.0,5,249.73973775184285,46.216113238129765
397,7940000,623.3333333333334,36,41.50495650020014,481.8701592881698,1985,2468.0,5,265.13745587199185,40.36396881309338
398,7960000,570.0,36,41.2436354565166,484.9233046171721,1990,2536.0,5,258.3258142991731,42.02057788707316
399,7980000,579.4594594594595,37,41.37041302401999,483.4372813340742,1995,2688.0,5,259.0328090932112,43.49256003298797
400,8000000,649.4117647058823,34,40.938828588468425,488.5337634119205,2000,2336.0,5,258.9269602177595,42.04660646710545
401,8020000,686.6666666666666,33,41.746898442234645,479.0775062649045,2005,2356.0,5,252.70285633676957,42.8210434850771
402,8040000,700.0,32,41.18650122303649,485.5959939809982,2010,2588.0,5,250.36035256116222,43.14181494596414
403,8060000,602.2222222222222,36,41.33331535862814,483.871178163914,2015,2968.0,5,262.5633006512239,46.25170376012102
404,8080000,630.2857142857143,35,41.20423615276563,485.3869860819541,2020,2764.0,5,263.3163000145213,42.56857626885176
405,8100000,598.3333333333334,36,41.15358649159858,485.984374753898,2025,2332.0,5,256.4058427134201,42.95143934106454
406,8120000,661.7647058823529,34,41.564214825965394,481.18315439717844,2030,2536.0,5,260.2173880547737,41.93032633815892
407,8140000,689.6969696969697,33,41.30084042845361,484.25164700089954,2035,2684.0,5,258.7104950578797,42.90123598393984
408,8160000,723.2258064516129,31,41.43528051220069,482.68045377684757,2040,2428.0,5,249.3681970504082,45.52304637990892
409,8180000,685.625,32,41.18310910619113,485.6359909211751,2045,2564.0,5,254.76520830354525,41.94842801010236
410,8200000,603.8888888888889,36,41.14283377019303,486.1113872639835,2050,2952.0,5,244.21078291179737,49.60468925884925
411,8220000,668.8235294117648,34,41.20019590086172,485.4345850229729,2055,2820.0,5,248.71888044633963,44.37138017104007
412,8240000,732.9032258064516,31,41.51725283514364,481.7274418279994,2060,2592.0,5,264.9902687106497,42.7638345179148
413,8260000,585.7142857142857,35,41.52740076124994,481.6097235409543,2065,2848.0,5,256.21556574114095,45.43439804809168
414,8280000,619.4285714285714,35,41.95059446223141,476.751289376989,2070,2460.0,5,265.51119000901065,40.92106249695644
415,8300000,536.2162162162163,37,40.78550926433787,490.37024082196876,2075,2948.0,5,280.23764940187493,43.384605979779735
416,8320000,617.1428571428571,35,41.443787205035136,482.5813794732094,2080,2660.0,5,261.38793842980385,45.89347187196836
417,8340000,538.3783783783783,37,41.451837476754825,482.48765838705003,2085,2172.0,5,266.62214740118526,41.260638349922374
418,8360000,485.12820512820514,39,41.31882164646244,484.04090927680954,2090,2896.0,5,279.39098606007036,41.96269953204319
419,8380000,448.2926829268293,41,40.87726984214184,489.2694663130678,2095,2808.0,5,269.8377562321781,43.74480489618145
420,8400000,655.625,32,38.48694585599251,519.6567187958863,2100,2376.0,5,248.20985683496846,45.52196332602762
421,8420000,576.0,35,40.86664064668891,489.3967226939276,2105,2764.0,5,303.8152921208253,37.710412533953786
422,8440000,484.2857142857143,42,40.9806315623014,488.0354264329653,2110,2128.0,5,274.5800993970055,36.60862539592199
423,8460000,544.8648648648649,37,40.540363774751704,493.3354843859561,2115,2372.0,5,299.9890343232524,37.37803291808814
424,8480000,597.0588235294117,34,40.993084794144735,487.8871668339707,2120,2620.0,5,272.7396458593011,44.69830545387231
425,8500000,640.5882352941177,34,41.38452235638975,483.2724618099164,2125,2436.0,5,270.6575033935355,41.71323483902961
426,8520000,663.5294117647059,34,41.455302614218475,482.4473285388667,2130,1936.0,5,249.3967542142258,40.06066571106203
427,8540000,840.7142857142857,28,41.89910715807393,477.33714049193077,2135,3200.0,5,254.12524134891873,49.1332538779825
428,8560000,671.7647058823529,34,41.53008956787564,481.5785424038768,2140,2504.0,5,252.06284867113285,42.826620650012046
429,8580000,704.2424242424242,33,40.7018563397682,491.3780794921331,2145,3172.0,5,247.08302107580744,50.23817478818819
430,8600000,766.2068965517242,29,41.85058295286878,477.89059527614154,2150,2864.0,5,253.1124031073624,45.134097972884774
431,8620000,753.125,32,41.2488874029271,484.86156255891547,2155,2700.0,5,251.74743644633904,45.06897929194383
432,8640000,744.8484848484849,33,41.504445087530314,481.8760968330316,2160,1764.0,5,253.0991789954544,37.08822777401656
433,8660000,674.1176470588235,34,41.74159624813937,479.13836071593687,2165,2464.0,5,249.44890100612753,42.405478466069326
434,8680000,596.1111111111111,36,41.168135042061785,485.8126310450025,2170,2872.0,5,247.2997167510525,47.6142882599961
435,8700000,646.4516129032259,31,41.43317402028289,482.70499359304085,2175,2840.0,5,253.42316423553655,46.75973499007523
436,8720000,610.2702702702703,37,41.287809648683876,484.4044808910694,2180,2288.0,5,245.57999669353538,45.378288745181635
437,8740000,691.3333333333334,30,41.50561800300291,481.86247940105386,2185,2620.0,5,246.7848874443348,47.50290879397653
438,8760000,646.6666666666666,36,41.15160721286204,486.0077492611017,2190,2436.0,5,250.68983545039848,46.080847192090005
439,8780000,565.1428571428571,35,41.428503904008146,482.7594075407833,2195,1552.0,5,249.61714610905705,35.63056520209648
440,8800000,645.7142857142857,35,41.61933392431567,480.54589331895113,2200,2032.0,5,264.3956345295856,36.831167872063816
441,8820000,531.8918918918919,37,41.52841058184859,481.59801253606565,2205,2864.0,5,262.1398445256942,44.76618204009719
442,8840000,602.8571428571429,35,41.16661626110817,485.8305543779861,2210,1824.0,5,246.66957020706357,37.68604287994094
443,8860000,490.2564102564103,39,40.73991069440873,490.91909282817505,2215,2128.0,5,258.1113517799663,42.32281891000457
444,8880000,571.0526315789474,38,41.705520316499815,479.5528229409829,2220,2356.0,5,254.25940044693982,44.324811512138695
445,8900000,567.027027027027,37,41.036575976884485,487.37009664904326,2225,2320.0,5,247.39381283810306,42.810286476043984
446,8920000,683.4285714285714,35,41.831460807405186,478.10905031696893,2230,2716.0,5,252.92479668723408,48.17637558514252
447,8940000,498.8888888888889,36,41.42698627807368,482.7770928291138,2235,2524.0,5,252.9437316251818,46.36208980018273
448,8960000,478.5,40,36.82657394839795,543.0860885409638,2240,1984.0,5,235.056298150916,45.52951818006113
449,8980000,702.5806451612904,31,39.46980078439072,506.71651750290766,2245,2132.0,5,260.0417181601931,39.48597199190408
450,9000000,599.4444444444445,36,41.08981112029851,486.7386696289759,2250,2556.0,5,268.9825808561171,39.0136787542142
451,9020000,589.4444444444445,36,40.64296806274646,492.0900454199873,2255,1912.0,5,292.6864822026582,33.40776084503159
452,9040000,571.578947368421,38,41.2476769968642,484.8757907389663,2260,2744.0,5,273.4003941432386,43.39423151593655
453,9060000,499.4736842105263,38,41.25506246708625,484.7889884049073,2265,2280.0,5,278.0140204927507,43.58413283806294
454,9080000,669.7142857142857,35,41.161511473007344,485.89080634503625,2270,2732.0,5,261.2147613481749,45.315203240839764
455,9100000,647.8787878787879,33,41.10890572939803,486.512585171964,2275,2940.0,5,261.6152524286458,45.6624752918724
456,9120000,553.6842105263158,38,41.38875809776407,483.22300352086313,2280,2068.0,5,259.5037542824196,36.138205498922616
457,9140000,571.2820512820513,39,41.38027092558178,483.32211347692646,2285,2988.0,5,254.1825674799746,48.88612198387273
458,9160000,678.1818181818181,33,41.33740381797075,483.8233210791368,2290,2872.0,5,253.4218815263141,43.16912152222358
459,9180000,774.6666666666666,30,41.540921950177626,481.4529639950488,2295,2520.0,5,253.2648316544435,41.34802266699262
460,9200000,594.7368421052631,38,41.64608793980966,480.2371840761043,2300,2784.0,5,245.8576956838233,45.33110085898079
461,9220000,699.4117647058823,34,41.52898366255994,481.5913667068817,2305,3016.0,5,253.79922503157235,47.033240540884435
462,9240000,719.3333333333334,30,41.59490964572586,480.8280669520609,2310,3420.0,5,261.1197785290104,47.48012605495751
463,9260000,691.5151515151515,33,40.91269092996515,488.8458702028729,2315,2908.0,5,252.35504663949115,46.684225882869214
464,9280000,762.0,30,41.16909284586229,485.80132855684496,2320,2272.0,5,248.2851865628462,43.77224493515678
465,9300000,615.7575757575758,33,41.11866195439328,486.39715033001266,2325,3000.0,5,244.37038436989852,50.14519264106639
466,9320000,667.5,32,41.01509707196753,487.62532403389923,2330,2612.0,5,248.5561573567675,46.363767941016704
467,9340000,596.0,35,41.40583071235398,483.023759115953,2335,1656.0,5,252.674495260287,37.61361031001434
468,9360000,651.25,32,41.23480816985658,485.0271139279939,2340,2224.0,5,247.65717300302796,45.918314669048414
469,9380000,746.25,32,41.19485513419939,485.49751989287324,2345,2596.0,5,248.20444113842163,44.83803734113462
470,9400000,462.9268292682927,41,41.40771465569228,483.00178279099055,2350,3400.0,5,262.83287374483666,45.94935111398809
471,9420000,683.6363636363636,33,41.734864681580255,479.21564266690984,2355,2560.0,5,260.63939397441726,39.81362848402932
472,9440000,637.5757575757576,33,41.44527667376433,482.5640363660641,2360,2616.0,5,272.35813949967735,41.5005037880037
473,9460000,688.5714285714286,35,40.964833109868046,488.2236416381784,2365,2956.0,5,280.94201130928536,42.802427248097956
474,9480000,647.0588235294117,34,40.727101301430075,491.07349555706605,2370,2684.0,5,302.49449416709547,39.74948381492868
475,9500000,585.7142857142857,35,40.37168519251052,495.3967094668187,2375,2484.0,5,282.99290560393484,39.85965646710247
476,9520000,513.5135135135135,37,40.79070301113482,490.3078035830986,2380,2564.0,5,269.79233627603077,42.132405081996694
477,9540000,703.2258064516129,31,40.84272032025707,489.68334731808864,2385,2264.0,5,276.5881593914946,37.35156278102659
478,9560000,632.5714285714286,35,41.257316942427515,484.7624974718783,2390,2520.0,5,270.0323894467381,41.46169288409874
479,9580000,558.918918918919,37,40.78957247445132,490.32139310915954,2395,2096.0,5,266.8922607230331,41.55234764004126
480,9600000,466.8421052631579,38,41.28113854486331,484.482761498075,2400,1860.0,5,270.1514316547543,36.61279875296168
481,9620000,550.8108108108108,37,41.26996092357253,484.61397957312874,2405,2260.0,5,271.1581905559485,41.19735412416048
482,9640000,503.1578947368421,38,41.02504703960783,487.50705832685344,2410,1596.0,5,285.55684887105616,33.82163670100272
483,9660000,501.6666666666667,36,40.881862014044174,489.2145077229943,2415,1244.0,5,293.3707095747645,28.830417365999892
484,9680000,555.8823529411765,34,40.778486435722,490.4546918759588,2420,2496.0,5,300.5500337574472,38.100145446136594
485,9700000,433.8095238095238,42,40.68586744741548,491.5711831841618,2425,1932.0,5,285.6818733585941,36.63515601097606
486,9720000,510.0,38,40.848713294980726,489.61150515498593,2430,1464.0,5,290.4394510662196,30.85324657894671
487,9740000,506.4864864864865,37,41.5414769712608,481.44653147109784,2435,1952.0,5,268.86795708243585,39.94897761917673
488,9760000,536.6666666666666,36,41.20157582835848,485.4183267969638,2440,2420.0,5,289.4468817505446,39.340551645029336
489,9780000,518.3783783783783,37,41.215919826979245,485.2493911080528,2445,2452.0,5,278.7359869808121,42.42365733999759
490,9800000,555.7894736842105,38,40.81759074035866,489.98482363205403,2450,2632.0,5,288.3118770969574,39.689658696064726
491,9820000,523.7837837837837,37,40.643741627499544,492.0806795619428,2455,2292.0,5,294.09828134453835,34.54967486904934
492,9840000,653.5294117647059,34,40.73593671116795,490.96698430692777,2460,2248.0,5,288.31363813353397,37.80258218292147
493,9860000,597.7142857142857,35,40.50728096226151,493.73839776194654,2465,2780.0,5,269.65636676331565,43.344053545966744
494,9880000,611.1111111111111,36,40.72791160825973,491.06372534809634,2470,1480.0,5,282.4588185962959,31.406348168151453
495,9900000,603.3333333333334,36,41.20399845932624,485.389786133077,2475,2576.0,5,278.57822986331905,40.71028811391443
496,9920000,710.5882352941177,34,41.19589561070393,485.4852577790152,2480,2680.0,5,277.7536822554058,40.222689072135836
497,9940000,604.4444444444445,36,40.8494673841262,489.60246683098376,2485,2680.0,5,285.79612303305555,41.36515175411478
498,9960000,629.7142857142857,35,41.07871309826691,486.8701692810282,2490,2668.0,5,296.64571715966724,39.16456340998411
499,9980000,597.1428571428571,35,41.103930748840014,486.57146982382983,2495,2688.0,5,271.91909334964305,41.63370751403272
500,10000000,559.4444444444445,36,40.90344849626232,488.9563285068143,2500,2864.0,5,267.74399617159173,45.838562864111736
501,10020000,644.1176470588235,34,41.10573003717833,486.55017151893117,2505,2352.0,5,270.69044813969145,39.87950101005845
